Packet Number	Timestamp	Relative Time	Packet Size	Payload Length	Source IP	Source Port	Destination IP	Destination Port	IP Protocol	TCP Flags	TTL	Src Checksum	Dst Checksum	Validity
1	May 26 2024 20:56:15.000000 IST	1716737175	60	16	34.107.221.82	80	10.0.2.15	60176	6	0x1200	64	0xCF62	0xCF62	valid
2	May 26 2024 20:56:15.000000 IST	1716737175	60	20	34.107.221.82	80	10.0.2.15	60176	6	0x1000	64	0xE5F2	0xE5F2	valid
3	May 26 2024 20:56:15.000000 IST	1716737175	352	312	34.107.221.82	80	10.0.2.15	60176	6	0x1800	64	0xF70F	0xF70F	valid
4	May 26 2024 20:56:15.000000 IST	1716737175	60	16	34.107.221.82	80	10.0.2.15	60190	6	0x1200	64	0xF600	0xF600	valid
5	May 26 2024 20:56:15.000000 IST	1716737175	60	20	34.107.221.82	80	10.0.2.15	60190	6	0x1000	64	0x0C80	0x0C80	valid
6	May 26 2024 20:56:15.000000 IST	1716737175	270	230	34.107.221.82	80	10.0.2.15	60190	6	0x1800	64	0xAA36	0xAA36	valid
7	May 26 2024 20:56:15.000000 IST	1716737175	60	16	34.149.100.209	443	10.0.2.15	56776	6	0x1200	64	0xDA3B	0xDA3B	valid
8	May 26 2024 20:56:15.000000 IST	1716737175	60	20	34.149.100.209	443	10.0.2.15	56776	6	0x1000	64	0xEF4B	0xEF4B	valid
9	May 26 2024 20:56:15.000000 IST	1716737175	2878	2838	34.149.100.209	443	10.0.2.15	56776	6	0x1800	64	0x9E97	0x2346	invalid
10	May 26 2024 20:56:15.000000 IST	1716737175	400	360	34.149.100.209	443	10.0.2.15	56776	6	0x1800	64	0x8852	0x8852	valid
11	May 26 2024 20:56:15.000000 IST	1716737175	60	20	34.149.100.209	443	10.0.2.15	56776	6	0x1000	64	0xE2E8	0xE2E8	valid
12	May 26 2024 20:56:15.000000 IST	1716737175	60	20	34.149.100.209	443	10.0.2.15	56776	6	0x1100	64	0xE2E7	0xE2E7	valid
13	May 26 2024 20:56:15.000000 IST	1716737175	60	16	34.117.188.166	443	10.0.2.15	49012	6	0x1200	64	0x39FB	0x39FB	valid
14	May 26 2024 20:56:15.000000 IST	1716737175	60	20	34.117.188.166	443	10.0.2.15	49012	6	0x1000	64	0x4F14	0x4F14	valid
15	May 26 2024 20:56:15.000000 IST	1716737175	2878	2838	34.117.188.166	443	10.0.2.15	49012	6	0x1800	64	0xF64C	0x8ADF	invalid
16	May 26 2024 20:56:15.000000 IST	1716737175	312	272	34.117.188.166	443	10.0.2.15	49012	6	0x1800	64	0xB281	0xB281	valid
17	May 26 2024 20:56:15.000000 IST	1716737175	60	16	184.84.232.81	80	10.0.2.15	48238	6	0x1200	64	0x77E3	0x77E3	valid
18	May 26 2024 20:56:15.000000 IST	1716737175	60	16	184.84.232.81	80	10.0.2.15	48244	6	0x1200	64	0xBC15	0xBC15	valid
19	May 26 2024 20:56:15.000000 IST	1716737175	60	20	184.84.232.81	80	10.0.2.15	48244	6	0x1000	64	0xD21C	0xD21C	valid
20	May 26 2024 20:56:15.000000 IST	1716737175	60	20	184.84.232.81	80	10.0.2.15	48238	6	0x1000	64	0x8DEA	0x8DEA	valid
21	May 26 2024 20:56:15.000000 IST	1716737175	942	902	184.84.232.81	80	10.0.2.15	48244	6	0x1800	64	0x320E	0x320E	valid
22	May 26 2024 20:56:15.000000 IST	1716737175	942	902	184.84.232.81	80	10.0.2.15	48238	6	0x1800	64	0x0699	0x0699	valid
23	May 26 2024 20:56:15.000000 IST	1716737175	60	20	184.84.232.81	80	10.0.2.15	48238	6	0x1000	64	0x8A71	0x8A71	valid
24	May 26 2024 20:56:15.000000 IST	1716737175	60	20	184.84.232.81	80	10.0.2.15	48244	6	0x1000	64	0xCEA3	0xCEA3	valid
25	May 26 2024 20:56:15.000000 IST	1716737175	60	20	184.84.232.81	80	10.0.2.15	48238	6	0x1100	64	0x8A70	0x8A70	valid
26	May 26 2024 20:56:15.000000 IST	1716737175	60	20	34.107.221.82	80	10.0.2.15	60190	6	0x1000	64	0x0BA7	0x0BA7	valid
27	May 26 2024 20:56:15.000000 IST	1716737175	60	20	184.84.232.81	80	10.0.2.15	48244	6	0x1100	64	0xCEA2	0xCEA2	valid
28	May 26 2024 20:56:15.000000 IST	1716737175	60	20	34.107.221.82	80	10.0.2.15	60176	6	0x1000	64	0xE4C7	0xE4C7	valid
29	May 26 2024 20:56:15.000000 IST	1716737175	60	20	34.107.221.82	80	10.0.2.15	60190	6	0x1100	64	0x0BA6	0x0BA6	valid
30	May 26 2024 20:56:15.000000 IST	1716737175	60	20	34.107.221.82	80	10.0.2.15	60176	6	0x1100	64	0xE4C6	0xE4C6	valid
31	May 26 2024 20:56:15.000000 IST	1716737175	60	16	184.84.232.79	80	10.0.2.15	34448	6	0x1200	64	0xF4AD	0xF4AD	valid
32	May 26 2024 20:56:15.000000 IST	1716737175	60	20	184.84.232.79	80	10.0.2.15	34448	6	0x1000	64	0x0AB5	0x0AB5	valid
33	May 26 2024 20:56:15.000000 IST	1716737175	942	902	184.84.232.79	80	10.0.2.15	34448	6	0x1800	64	0x6DA4	0x6DA4	valid
34	May 26 2024 20:56:15.000000 IST	1716737175	60	20	184.84.232.79	80	10.0.2.15	34448	6	0x1000	64	0x0587	0x0587	valid
35	May 26 2024 20:56:15.000000 IST	1716737175	60	20	34.117.188.166	443	10.0.2.15	49012	6	0x1000	64	0x42CA	0x42CA	valid
36	May 26 2024 20:56:15.000000 IST	1716737175	60	20	34.117.188.166	443	10.0.2.15	49012	6	0x1000	64	0x4220	0x4220	valid
37	May 26 2024 20:56:15.000000 IST	1716737175	60	20	34.117.188.166	443	10.0.2.15	49012	6	0x1000	64	0x41F9	0x41F9	valid
38	May 26 2024 20:56:15.000000 IST	1716737175	60	20	34.117.188.166	443	10.0.2.15	49012	6	0x1000	64	0x41E0	0x41E0	valid
39	May 26 2024 20:56:15.000000 IST	1716737175	942	902	184.84.232.79	80	10.0.2.15	34448	6	0x1800	64	0x52A1	0x52A1	valid
40	May 26 2024 20:56:15.000000 IST	1716737175	671	631	34.117.188.166	443	10.0.2.15	49012	6	0x1800	64	0x1ED0	0x1ED0	valid
41	May 26 2024 20:56:15.000000 IST	1716737175	60	20	34.117.188.166	443	10.0.2.15	49012	6	0x1100	64	0x3F76	0x3F76	valid
42	May 26 2024 20:56:15.000000 IST	1716737175	60	20	34.117.188.166	443	10.0.2.15	49012	6	0x1400	255	0xD772	0xD772	valid
43	May 26 2024 20:56:15.000000 IST	1716737175	60	16	34.117.188.166	443	10.0.2.15	49022	6	0x1200	64	0xA30F	0xA30F	valid
44	May 26 2024 20:56:15.000000 IST	1716737175	60	20	34.117.188.166	443	10.0.2.15	49022	6	0x1000	64	0xB828	0xB828	valid
45	May 26 2024 20:56:15.000000 IST	1716737175	2878	2838	34.117.188.166	443	10.0.2.15	49022	6	0x1800	64	0xF64C	0xDAF4	invalid
46	May 26 2024 20:56:15.000000 IST	1716737175	312	272	34.117.188.166	443	10.0.2.15	49022	6	0x1800	64	0x629C	0x629C	valid
47	May 26 2024 20:56:15.000000 IST	1716737175	60	20	34.117.188.166	443	10.0.2.15	49022	6	0x1000	64	0xABDE	0xABDE	valid
48	May 26 2024 20:56:15.000000 IST	1716737175	640	600	34.117.188.166	443	10.0.2.15	49022	6	0x1800	64	0x6A23	0x6A23	valid
49	May 26 2024 20:56:15.000000 IST	1716737175	60	20	34.117.188.166	443	10.0.2.15	49022	6	0x1000	64	0xA8EA	0xA8EA	valid
50	May 26 2024 20:56:15.000000 IST	1716737175	85	45	34.117.188.166	443	10.0.2.15	49022	6	0x1800	64	0xD16A	0xD16A	valid
51	May 26 2024 20:56:15.000000 IST	1716737175	60	20	34.117.188.166	443	10.0.2.15	49022	6	0x1000	64	0xA7FF	0xA7FF	valid
52	May 26 2024 20:56:16.000000 IST	1716737176	60	20	34.117.188.166	443	10.0.2.15	49022	6	0x1000	64	0xA7E0	0xA7E0	valid
53	May 26 2024 20:56:16.000000 IST	1716737176	60	16	34.149.97.1	443	10.0.2.15	47680	6	0x1200	64	0x5BF9	0x5BF9	valid
54	May 26 2024 20:56:16.000000 IST	1716737176	60	20	34.149.97.1	443	10.0.2.15	47680	6	0x1000	64	0x710D	0x710D	valid
55	May 26 2024 20:56:16.000000 IST	1716737176	60	16	34.160.144.191	443	10.0.2.15	45586	6	0x1200	64	0xAAE2	0xAAE2	valid
56	May 26 2024 20:56:16.000000 IST	1716737176	60	20	34.160.144.191	443	10.0.2.15	45586	6	0x1000	64	0xC1C7	0xC1C7	valid
57	May 26 2024 20:56:16.000000 IST	1716737176	60	16	34.149.97.1	443	10.0.2.15	47682	6	0x1200	64	0xE3C6	0xE3C6	valid
58	May 26 2024 20:56:16.000000 IST	1716737176	1466	1426	34.149.97.1	443	10.0.2.15	47680	6	0x1800	64	0x8AED	0x8AED	valid
59	May 26 2024 20:56:16.000000 IST	1716737176	1514	1474	34.149.97.1	443	10.0.2.15	47680	6	0x1000	64	0x9C3E	0x9C3E	valid
60	May 26 2024 20:56:16.000000 IST	1716737176	351	311	34.149.97.1	443	10.0.2.15	47680	6	0x1800	64	0x03BB	0x03BB	valid
61	May 26 2024 20:56:16.000000 IST	1716737176	60	20	34.149.97.1	443	10.0.2.15	47682	6	0x1000	64	0xF8DA	0xF8DA	valid
62	May 26 2024 20:56:16.000000 IST	1716737176	1466	1426	34.160.144.191	443	10.0.2.15	45586	6	0x1800	64	0x462B	0x462B	valid
63	May 26 2024 20:56:16.000000 IST	1716737176	1514	1474	34.160.144.191	443	10.0.2.15	45586	6	0x1000	64	0x121C	0x121C	valid
64	May 26 2024 20:56:16.000000 IST	1716737176	200	160	34.160.144.191	443	10.0.2.15	45586	6	0x1800	64	0x6A42	0x6A42	valid
65	May 26 2024 20:56:16.000000 IST	1716737176	2878	2838	34.149.97.1	443	10.0.2.15	47682	6	0x1800	64	0x9AC7	0x52CB	invalid
66	May 26 2024 20:56:16.000000 IST	1716737176	399	359	34.149.97.1	443	10.0.2.15	47682	6	0x1800	64	0xBC12	0xBC12	valid
67	May 26 2024 20:56:16.000000 IST	1716737176	60	20	34.160.144.191	443	10.0.2.15	45586	6	0x1000	64	0xB5A0	0xB5A0	valid
68	May 26 2024 20:56:16.000000 IST	1716737176	60	20	34.149.97.1	443	10.0.2.15	47680	6	0x1000	64	0x646C	0x646C	valid
69	May 26 2024 20:56:16.000000 IST	1716737176	60	20	34.149.97.1	443	10.0.2.15	47680	6	0x1000	64	0x63C2	0x63C2	valid
70	May 26 2024 20:56:16.000000 IST	1716737176	349	309	34.160.144.191	443	10.0.2.15	45586	6	0x1800	64	0x77B1	0x77B1	valid
71	May 26 2024 20:56:16.000000 IST	1716737176	123	83	34.160.144.191	443	10.0.2.15	45586	6	0x1800	64	0x506B	0x506B	valid
72	May 26 2024 20:56:16.000000 IST	1716737176	640	600	34.149.97.1	443	10.0.2.15	47680	6	0x1800	64	0x5238	0x5238	valid
73	May 26 2024 20:56:16.000000 IST	1716737176	85	45	34.149.97.1	443	10.0.2.15	47680	6	0x1800	64	0xA0E6	0xA0E6	valid
74	May 26 2024 20:56:16.000000 IST	1716737176	60	20	34.149.97.1	443	10.0.2.15	47680	6	0x1000	64	0x613A	0x613A	valid
75	May 26 2024 20:56:16.000000 IST	1716737176	60	20	34.149.97.1	443	10.0.2.15	47682	6	0x1000	64	0xEC39	0xEC39	valid
76	May 26 2024 20:56:16.000000 IST	1716737176	60	20	34.149.97.1	443	10.0.2.15	47682	6	0x1000	64	0xEB7E	0xEB7E	valid
77	May 26 2024 20:56:16.000000 IST	1716737176	671	631	34.149.97.1	443	10.0.2.15	47682	6	0x1800	64	0x519B	0x519B	valid
78	May 26 2024 20:56:16.000000 IST	1716737176	60	20	34.149.97.1	443	10.0.2.15	47682	6	0x1000	64	0xE8FD	0xE8FD	valid
79	May 26 2024 20:56:16.000000 IST	1716737176	60	20	34.149.97.1	443	10.0.2.15	47682	6	0x1000	64	0xE8FC	0xE8FC	valid
80	May 26 2024 20:56:16.000000 IST	1716737176	60	20	34.149.97.1	443	10.0.2.15	47682	6	0x1100	64	0xE8FB	0xE8FB	valid
81	May 26 2024 20:56:16.000000 IST	1716737176	60	20	184.84.232.79	80	10.0.2.15	34448	6	0x1000	64	0x0059	0x0059	valid
82	May 26 2024 20:56:16.000000 IST	1716737176	942	902	184.84.232.79	80	10.0.2.15	34448	6	0x1800	64	0x818C	0x818C	valid
83	May 26 2024 20:56:16.000000 IST	1716737176	60	16	34.120.237.76	443	10.0.2.15	34892	6	0x1200	64	0x2C3E	0x2C3E	valid
84	May 26 2024 20:56:16.000000 IST	1716737176	60	16	34.120.237.76	443	10.0.2.15	34916	6	0x1200	64	0xEDB9	0xEDB9	valid
85	May 26 2024 20:56:16.000000 IST	1716737176	60	16	34.120.237.76	443	10.0.2.15	34912	6	0x1200	64	0x5F53	0x5F53	valid
86	May 26 2024 20:56:16.000000 IST	1716737176	60	16	34.120.237.76	443	10.0.2.15	34898	6	0x1200	64	0xCB30	0xCB30	valid
87	May 26 2024 20:56:16.000000 IST	1716737176	60	16	34.120.237.76	443	10.0.2.15	34920	6	0x1200	64	0x320A	0x320A	valid
88	May 26 2024 20:56:16.000000 IST	1716737176	60	16	34.120.237.76	443	10.0.2.15	34918	6	0x1200	64	0x012B	0x012B	valid
89	May 26 2024 20:56:16.000000 IST	1716737176	60	20	34.120.237.76	443	10.0.2.15	34916	6	0x1000	64	0x02D2	0x02D2	valid
90	May 26 2024 20:56:16.000000 IST	1716737176	60	20	34.120.237.76	443	10.0.2.15	34892	6	0x1000	64	0x4156	0x4156	valid
91	May 26 2024 20:56:16.000000 IST	1716737176	60	20	34.120.237.76	443	10.0.2.15	34912	6	0x1000	64	0x746B	0x746B	valid
92	May 26 2024 20:56:16.000000 IST	1716737176	60	20	34.120.237.76	443	10.0.2.15	34920	6	0x1000	64	0x4722	0x4722	valid
93	May 26 2024 20:56:16.000000 IST	1716737176	60	20	34.120.237.76	443	10.0.2.15	34918	6	0x1000	64	0x1643	0x1643	valid
94	May 26 2024 20:56:16.000000 IST	1716737176	2878	2838	34.120.237.76	443	10.0.2.15	34916	6	0x1800	64	0x26F6	0xAFC0	invalid
95	May 26 2024 20:56:16.000000 IST	1716737176	2974	2934	34.120.237.76	443	10.0.2.15	34892	6	0x1000	64	0x2756	0xB7F5	invalid
96	May 26 2024 20:56:16.000000 IST	1716737176	317	277	34.120.237.76	443	10.0.2.15	34916	6	0x1800	64	0x43F1	0x43F1	valid
97	May 26 2024 20:56:16.000000 IST	1716737176	221	181	34.120.237.76	443	10.0.2.15	34892	6	0x1800	64	0x56B0	0x56B0	valid
98	May 26 2024 20:56:16.000000 IST	1716737176	60	20	34.120.237.76	443	10.0.2.15	34898	6	0x1000	64	0xE048	0xE048	valid
99	May 26 2024 20:56:16.000000 IST	1716737176	2878	2838	34.120.237.76	443	10.0.2.15	34912	6	0x1800	64	0x26F6	0x9795	invalid
100	May 26 2024 20:56:16.000000 IST	1716737176	317	277	34.120.237.76	443	10.0.2.15	34912	6	0x1800	64	0x8346	0x8346	valid
101	May 26 2024 20:56:16.000000 IST	1716737176	2878	2838	34.120.237.76	443	10.0.2.15	34920	6	0x1800	64	0x26F6	0xF2C9	invalid
102	May 26 2024 20:56:16.000000 IST	1716737176	317	277	34.120.237.76	443	10.0.2.15	34920	6	0x1800	64	0x5410	0x5410	valid
103	May 26 2024 20:56:16.000000 IST	1716737176	2974	2934	34.120.237.76	443	10.0.2.15	34918	6	0x1000	64	0x2756	0xFD10	invalid
104	May 26 2024 20:56:16.000000 IST	1716737176	221	181	34.120.237.76	443	10.0.2.15	34918	6	0x1800	64	0xDFB3	0xDFB3	valid
105	May 26 2024 20:56:16.000000 IST	1716737176	2878	2838	34.120.237.76	443	10.0.2.15	34898	6	0x1800	64	0x26F6	0xCE29	invalid
106	May 26 2024 20:56:16.000000 IST	1716737176	317	277	34.120.237.76	443	10.0.2.15	34898	6	0x1800	64	0xE95D	0xE95D	valid
107	May 26 2024 20:56:16.000000 IST	1716737176	60	20	34.160.144.191	443	10.0.2.15	45586	6	0x1000	64	0xB383	0xB383	valid
108	May 26 2024 20:56:16.000000 IST	1716737176	60	20	34.160.144.191	443	10.0.2.15	45586	6	0x1000	64	0xB287	0xB287	valid
109	May 26 2024 20:56:16.000000 IST	1716737176	60	20	34.160.144.191	443	10.0.2.15	45586	6	0x1000	64	0xB261	0xB261	valid
110	May 26 2024 20:56:16.000000 IST	1716737176	92	52	34.160.144.191	443	10.0.2.15	45586	6	0x1800	64	0x6CEC	0x6CEC	valid
111	May 26 2024 20:56:16.000000 IST	1716737176	386	346	34.160.144.191	443	10.0.2.15	45586	6	0x1800	64	0x2024	0x2024	valid
112	May 26 2024 20:56:16.000000 IST	1716737176	5573	5533	34.160.144.191	443	10.0.2.15	45586	6	0x1800	64	0xD517	0x6A43	invalid
113	May 26 2024 20:56:16.000000 IST	1716737176	60	20	34.160.144.191	443	10.0.2.15	45586	6	0x1000	64	0x9B32	0x9B32	valid
114	May 26 2024 20:56:16.000000 IST	1716737176	60	20	184.84.232.79	80	10.0.2.15	34448	6	0x1000	64	0xFB2A	0xFB2A	valid
115	May 26 2024 20:56:16.000000 IST	1716737176	60	16	184.84.232.79	80	10.0.2.15	34454	6	0x1200	64	0x10F2	0x10F2	valid
116	May 26 2024 20:56:16.000000 IST	1716737176	942	902	184.84.232.79	80	10.0.2.15	34448	6	0x1800	64	0x8279	0x8279	valid
117	May 26 2024 20:56:16.000000 IST	1716737176	60	16	184.84.232.79	80	10.0.2.15	34488	6	0x1200	64	0xD17E	0xD17E	valid
118	May 26 2024 20:56:16.000000 IST	1716737176	60	16	184.84.232.79	80	10.0.2.15	34476	6	0x1200	64	0x1793	0x1793	valid
119	May 26 2024 20:56:16.000000 IST	1716737176	60	16	184.84.232.79	80	10.0.2.15	34468	6	0x1200	64	0xE4AD	0xE4AD	valid
120	May 26 2024 20:56:16.000000 IST	1716737176	60	20	184.84.232.79	80	10.0.2.15	34448	6	0x1000	64	0xF5FC	0xF5FC	valid
121	May 26 2024 20:56:16.000000 IST	1716737176	60	20	184.84.232.79	80	10.0.2.15	34488	6	0x1000	64	0xE785	0xE785	valid
122	May 26 2024 20:56:16.000000 IST	1716737176	60	20	184.84.232.79	80	10.0.2.15	34476	6	0x1000	64	0x2D9A	0x2D9A	valid
123	May 26 2024 20:56:16.000000 IST	1716737176	60	20	184.84.232.79	80	10.0.2.15	34454	6	0x1000	64	0x26F9	0x26F9	valid
124	May 26 2024 20:56:16.000000 IST	1716737176	942	902	184.84.232.79	80	10.0.2.15	34448	6	0x1800	64	0x7D4B	0x7D4B	valid
125	May 26 2024 20:56:16.000000 IST	1716737176	942	902	184.84.232.79	80	10.0.2.15	34488	6	0x1800	64	0x6ED4	0x6ED4	valid
126	May 26 2024 20:56:16.000000 IST	1716737176	942	902	184.84.232.79	80	10.0.2.15	34476	6	0x1800	64	0xB4E8	0xB4E8	valid
127	May 26 2024 20:56:16.000000 IST	1716737176	942	902	184.84.232.79	80	10.0.2.15	34454	6	0x1800	64	0xAE47	0xAE47	valid
128	May 26 2024 20:56:16.000000 IST	1716737176	60	20	34.120.237.76	443	10.0.2.15	34916	6	0x1000	64	0xF682	0xF682	valid
129	May 26 2024 20:56:16.000000 IST	1716737176	60	20	34.120.237.76	443	10.0.2.15	34892	6	0x1000	64	0x3507	0x3507	valid
130	May 26 2024 20:56:16.000000 IST	1716737176	60	20	34.120.237.76	443	10.0.2.15	34916	6	0x1000	64	0xF5D8	0xF5D8	valid
131	May 26 2024 20:56:16.000000 IST	1716737176	60	20	34.120.237.76	443	10.0.2.15	34916	6	0x1000	64	0xF436	0xF436	valid
132	May 26 2024 20:56:16.000000 IST	1716737176	60	20	34.120.237.76	443	10.0.2.15	34916	6	0x1000	64	0xF1DC	0xF1DC	valid
133	May 26 2024 20:56:16.000000 IST	1716737176	60	20	34.120.237.76	443	10.0.2.15	34916	6	0x1000	64	0xEF22	0xEF22	valid
134	May 26 2024 20:56:16.000000 IST	1716737176	60	20	34.120.237.76	443	10.0.2.15	34892	6	0x1000	64	0x344C	0x344C	valid
135	May 26 2024 20:56:16.000000 IST	1716737176	60	20	34.120.237.76	443	10.0.2.15	34916	6	0x1000	64	0xEE55	0xEE55	valid
136	May 26 2024 20:56:16.000000 IST	1716737176	60	20	34.120.237.76	443	10.0.2.15	34916	6	0x1000	64	0xED4C	0xED4C	valid
137	May 26 2024 20:56:16.000000 IST	1716737176	60	20	34.120.237.76	443	10.0.2.15	34916	6	0x1000	64	0xEC5E	0xEC5E	valid
138	May 26 2024 20:56:16.000000 IST	1716737176	60	20	34.120.237.76	443	10.0.2.15	34898	6	0x1000	64	0xD3F9	0xD3F9	valid
139	May 26 2024 20:56:16.000000 IST	1716737176	60	20	34.120.237.76	443	10.0.2.15	34898	6	0x1000	64	0xD33E	0xD33E	valid
140	May 26 2024 20:56:16.000000 IST	1716737176	640	600	34.120.237.76	443	10.0.2.15	34916	6	0x1800	64	0xE93E	0xE93E	valid
141	May 26 2024 20:56:16.000000 IST	1716737176	640	600	34.120.237.76	443	10.0.2.15	34892	6	0x1800	64	0xAF55	0xAF55	valid
142	May 26 2024 20:56:16.000000 IST	1716737176	85	45	34.120.237.76	443	10.0.2.15	34916	6	0x1800	64	0xD6E1	0xD6E1	valid
143	May 26 2024 20:56:16.000000 IST	1716737176	60	20	34.120.237.76	443	10.0.2.15	34916	6	0x1000	64	0xE9D6	0xE9D6	valid
144	May 26 2024 20:56:16.000000 IST	1716737176	60	20	34.120.237.76	443	10.0.2.15	34892	6	0x1000	64	0x31EA	0x31EA	valid
145	May 26 2024 20:56:16.000000 IST	1716737176	60	20	34.120.237.76	443	10.0.2.15	34892	6	0x1000	64	0x31E9	0x31E9	valid
146	May 26 2024 20:56:16.000000 IST	1716737176	85	45	34.120.237.76	443	10.0.2.15	34892	6	0x1800	64	0x6603	0x6603	valid
147	May 26 2024 20:56:16.000000 IST	1716737176	60	20	34.120.237.76	443	10.0.2.15	34920	6	0x1000	64	0x3AD3	0x3AD3	valid
148	May 26 2024 20:56:16.000000 IST	1716737176	60	20	34.120.237.76	443	10.0.2.15	34920	6	0x1000	64	0x3A18	0x3A18	valid
149	May 26 2024 20:56:16.000000 IST	1716737176	60	20	34.120.237.76	443	10.0.2.15	34912	6	0x1000	64	0x681C	0x681C	valid
150	May 26 2024 20:56:16.000000 IST	1716737176	8814	8774	34.120.237.76	443	10.0.2.15	34916	6	0x1000	64	0x3E26	0xE41D	invalid
151	May 26 2024 20:56:16.000000 IST	1716737176	60	20	34.120.237.76	443	10.0.2.15	34912	6	0x1000	64	0x6761	0x6761	valid
152	May 26 2024 20:56:16.000000 IST	1716737176	3138	3098	34.120.237.76	443	10.0.2.15	34916	6	0x1800	64	0x27FA	0x0391	invalid
153	May 26 2024 20:56:16.000000 IST	1716737176	460	420	34.120.237.76	443	10.0.2.15	34916	6	0x1800	64	0xA578	0xA578	valid
154	May 26 2024 20:56:16.000000 IST	1716737176	9938	9898	34.120.237.76	443	10.0.2.15	34916	6	0x1800	64	0x428A	0xBFED	invalid
155	May 26 2024 20:56:16.000000 IST	1716737176	60	20	34.120.237.76	443	10.0.2.15	34916	6	0x1000	64	0x9339	0x9339	valid
156	May 26 2024 20:56:16.000000 IST	1716737176	60	20	34.120.237.76	443	10.0.2.15	34918	6	0x1000	64	0x09F4	0x09F4	valid
157	May 26 2024 20:56:16.000000 IST	1716737176	671	631	34.120.237.76	443	10.0.2.15	34898	6	0x1800	64	0x0ABF	0x0ABF	valid
158	May 26 2024 20:56:16.000000 IST	1716737176	60	20	34.120.237.76	443	10.0.2.15	34918	6	0x1000	64	0x0939	0x0939	valid
159	May 26 2024 20:56:16.000000 IST	1716737176	60	20	34.120.237.76	443	10.0.2.15	34898	6	0x1000	64	0xD0BD	0xD0BD	valid
160	May 26 2024 20:56:16.000000 IST	1716737176	1466	1426	34.120.237.76	443	10.0.2.15	34916	6	0x1800	64	0xC02C	0xC02C	valid
161	May 26 2024 20:56:16.000000 IST	1716737176	4290	4250	34.120.237.76	443	10.0.2.15	34916	6	0x1800	64	0x2C7A	0xA506	invalid
162	May 26 2024 20:56:16.000000 IST	1716737176	60	20	34.120.237.76	443	10.0.2.15	34898	6	0x1000	64	0xD0BC	0xD0BC	valid
163	May 26 2024 20:56:16.000000 IST	1716737176	671	631	34.120.237.76	443	10.0.2.15	34920	6	0x1800	64	0x5BBF	0x5BBF	valid
164	May 26 2024 20:56:16.000000 IST	1716737176	2878	2838	34.120.237.76	443	10.0.2.15	34916	6	0x1800	64	0x26F6	0x4E27	invalid
165	May 26 2024 20:56:16.000000 IST	1716737176	640	600	34.120.237.76	443	10.0.2.15	34912	6	0x1800	64	0xC100	0xC100	valid
166	May 26 2024 20:56:16.000000 IST	1716737176	4290	4250	34.120.237.76	443	10.0.2.15	34916	6	0x1800	64	0x2C7A	0x64DF	invalid
167	May 26 2024 20:56:16.000000 IST	1716737176	5702	5662	34.120.237.76	443	10.0.2.15	34916	6	0x1800	64	0x31FE	0xAA1E	invalid
168	May 26 2024 20:56:16.000000 IST	1716737176	85	45	34.120.237.76	443	10.0.2.15	34912	6	0x1800	64	0x1B4D	0x1B4D	valid
169	May 26 2024 20:56:16.000000 IST	1716737176	60	20	34.120.237.76	443	10.0.2.15	34920	6	0x1000	64	0x3797	0x3797	valid
170	May 26 2024 20:56:16.000000 IST	1716737176	1466	1426	34.120.237.76	443	10.0.2.15	34916	6	0x1800	64	0x8AAC	0x8AAC	valid
171	May 26 2024 20:56:16.000000 IST	1716737176	4290	4250	34.120.237.76	443	10.0.2.15	34916	6	0x1800	64	0x2C7A	0xD30B	invalid
172	May 26 2024 20:56:16.000000 IST	1716737176	60	20	34.120.237.76	443	10.0.2.15	34920	6	0x1000	64	0x3796	0x3796	valid
173	May 26 2024 20:56:16.000000 IST	1716737176	1466	1426	34.120.237.76	443	10.0.2.15	34916	6	0x1800	64	0x488D	0x488D	valid
174	May 26 2024 20:56:16.000000 IST	1716737176	2878	2838	34.120.237.76	443	10.0.2.15	34916	6	0x1800	64	0x26F6	0xB798	invalid
175	May 26 2024 20:56:16.000000 IST	1716737176	60	20	34.120.237.76	443	10.0.2.15	34898	6	0x1100	64	0xD0BB	0xD0BB	valid
176	May 26 2024 20:56:16.000000 IST	1716737176	60	20	34.120.237.76	443	10.0.2.15	34912	6	0x1000	64	0x64E0	0x64E0	valid
177	May 26 2024 20:56:16.000000 IST	1716737176	60	20	34.120.237.76	443	10.0.2.15	34912	6	0x1000	64	0x64DF	0x64DF	valid
178	May 26 2024 20:56:16.000000 IST	1716737176	671	631	34.120.237.76	443	10.0.2.15	34918	6	0x1800	64	0x8872	0x8872	valid
179	May 26 2024 20:56:16.000000 IST	1716737176	16998	16958	34.120.237.76	443	10.0.2.15	34916	6	0x1800	64	0x5E1E	0x6D63	invalid
180	May 26 2024 20:56:16.000000 IST	1716737176	3619	3579	34.120.237.76	443	10.0.2.15	34916	6	0x1800	64	0x29DB	0xF6B2	invalid
181	May 26 2024 20:56:16.000000 IST	1716737176	60	20	34.120.237.76	443	10.0.2.15	34918	6	0x1000	64	0x06B8	0x06B8	valid
182	May 26 2024 20:56:16.000000 IST	1716737176	60	20	34.120.237.76	443	10.0.2.15	34920	6	0x1100	64	0x3795	0x3795	valid
183	May 26 2024 20:56:16.000000 IST	1716737176	60	20	34.120.237.76	443	10.0.2.15	34912	6	0x1100	64	0x64DE	0x64DE	valid
184	May 26 2024 20:56:16.000000 IST	1716737176	60	20	34.120.237.76	443	10.0.2.15	34918	6	0x1000	64	0x06B7	0x06B7	valid
185	May 26 2024 20:56:16.000000 IST	1716737176	60	20	34.120.237.76	443	10.0.2.15	34918	6	0x1100	64	0x06B6	0x06B6	valid
186	May 26 2024 20:56:16.000000 IST	1716737176	1625	1585	34.117.188.166	443	10.0.2.15	49022	6	0x1800	64	0xF167	0xFAC5	invalid
187	May 26 2024 20:56:16.000000 IST	1716737176	897	857	34.117.188.166	443	10.0.2.15	49022	6	0x1800	64	0x2504	0x2504	valid
188	May 26 2024 20:56:16.000000 IST	1716737176	60	20	34.117.188.166	443	10.0.2.15	49022	6	0x1000	64	0x9E4B	0x9E4B	valid
189	May 26 2024 20:56:17.000000 IST	1716737177	60	16	34.36.165.17	443	10.0.2.15	38882	6	0x1200	64	0x7E67	0x7E67	valid
190	May 26 2024 20:56:17.000000 IST	1716737177	60	20	34.36.165.17	443	10.0.2.15	38882	6	0x1000	64	0x936E	0x936E	valid
191	May 26 2024 20:56:17.000000 IST	1716737177	60	16	34.36.165.17	443	10.0.2.15	38894	6	0x1200	64	0xAD5B	0xAD5B	valid
192	May 26 2024 20:56:17.000000 IST	1716737177	60	20	34.36.165.17	443	10.0.2.15	38894	6	0x1000	64	0xC262	0xC262	valid
193	May 26 2024 20:56:17.000000 IST	1716737177	2878	2838	34.36.165.17	443	10.0.2.15	38882	6	0x1800	64	0xDE66	0x8D43	invalid
194	May 26 2024 20:56:17.000000 IST	1716737177	2974	2934	34.36.165.17	443	10.0.2.15	38894	6	0x1000	64	0xDEC6	0x29C2	invalid
195	May 26 2024 20:56:17.000000 IST	1716737177	350	310	34.36.165.17	443	10.0.2.15	38882	6	0x1800	64	0x9116	0x9116	valid
196	May 26 2024 20:56:17.000000 IST	1716737177	254	214	34.36.165.17	443	10.0.2.15	38894	6	0x1800	64	0x873A	0x873A	valid
197	May 26 2024 20:56:17.000000 IST	1716737177	60	20	184.84.232.79	80	10.0.2.15	34448	6	0x1000	64	0xF0CE	0xF0CE	valid
198	May 26 2024 20:56:17.000000 IST	1716737177	60	20	184.84.232.79	80	10.0.2.15	34488	6	0x1000	64	0xE257	0xE257	valid
199	May 26 2024 20:56:17.000000 IST	1716737177	942	902	184.84.232.79	80	10.0.2.15	34448	6	0x1800	64	0xCD56	0xCD56	valid
200	May 26 2024 20:56:17.000000 IST	1716737177	942	902	184.84.232.79	80	10.0.2.15	34488	6	0x1800	64	0xBEDF	0xBEDF	valid
201	May 26 2024 20:56:17.000000 IST	1716737177	60	20	34.36.165.17	443	10.0.2.15	38894	6	0x1000	64	0xB5F2	0xB5F2	valid
202	May 26 2024 20:56:17.000000 IST	1716737177	60	20	34.36.165.17	443	10.0.2.15	38894	6	0x1000	64	0xB548	0xB548	valid
203	May 26 2024 20:56:17.000000 IST	1716737177	60	20	34.36.165.17	443	10.0.2.15	38882	6	0x1000	64	0x86FE	0x86FE	valid
204	May 26 2024 20:56:17.000000 IST	1716737177	60	20	34.36.165.17	443	10.0.2.15	38882	6	0x1000	64	0x8643	0x8643	valid
205	May 26 2024 20:56:17.000000 IST	1716737177	640	600	34.36.165.17	443	10.0.2.15	38894	6	0x1800	64	0x9852	0x9852	valid
206	May 26 2024 20:56:17.000000 IST	1716737177	85	45	34.36.165.17	443	10.0.2.15	38894	6	0x1800	64	0xC0DC	0xC0DC	valid
207	May 26 2024 20:56:17.000000 IST	1716737177	60	20	34.36.165.17	443	10.0.2.15	38894	6	0x1000	64	0xB2C0	0xB2C0	valid
208	May 26 2024 20:56:17.000000 IST	1716737177	671	631	34.36.165.17	443	10.0.2.15	38882	6	0x1800	64	0xB0CA	0xB0CA	valid
209	May 26 2024 20:56:17.000000 IST	1716737177	60	20	34.36.165.17	443	10.0.2.15	38882	6	0x1000	64	0x83C2	0x83C2	valid
210	May 26 2024 20:56:17.000000 IST	1716737177	60	20	34.36.165.17	443	10.0.2.15	38882	6	0x1000	64	0x83C1	0x83C1	valid
211	May 26 2024 20:56:17.000000 IST	1716737177	60	20	34.36.165.17	443	10.0.2.15	38882	6	0x1100	64	0x83C0	0x83C0	valid
212	May 26 2024 20:56:17.000000 IST	1716737177	60	16	142.250.193.202	443	10.0.2.15	39152	6	0x1200	64	0xABA0	0xABA0	valid
213	May 26 2024 20:56:17.000000 IST	1716737177	60	20	142.250.193.202	443	10.0.2.15	39152	6	0x1000	64	0xC0BA	0xC0BA	valid
214	May 26 2024 20:56:18.000000 IST	1716737178	2878	2838	142.250.193.202	443	10.0.2.15	39152	6	0x1800	64	0x67F6	0x4D89	invalid
215	May 26 2024 20:56:18.000000 IST	1716737178	1912	1872	142.250.193.202	443	10.0.2.15	39152	6	0x1800	64	0x6430	0xC780	invalid
216	May 26 2024 20:56:18.000000 IST	1716737178	60	16	142.250.182.67	80	10.0.2.15	58446	6	0x1200	64	0x3465	0x3465	valid
217	May 26 2024 20:56:18.000000 IST	1716737178	60	20	142.250.182.67	80	10.0.2.15	58446	6	0x1000	64	0x4A69	0x4A69	valid
218	May 26 2024 20:56:18.000000 IST	1716737178	60	16	34.107.243.93	443	10.0.2.15	51546	6	0x1200	64	0xAFEE	0xAFEE	valid
219	May 26 2024 20:56:18.000000 IST	1716737178	60	20	34.107.243.93	443	10.0.2.15	51546	6	0x1000	64	0xC50A	0xC50A	valid
220	May 26 2024 20:56:18.000000 IST	1716737178	2878	2838	34.107.243.93	443	10.0.2.15	51546	6	0x1800	64	0x2CFA	0x25BB	invalid
221	May 26 2024 20:56:18.000000 IST	1716737178	307	267	34.107.243.93	443	10.0.2.15	51546	6	0x1800	64	0xD19C	0xD19C	valid
222	May 26 2024 20:56:18.000000 IST	1716737178	755	715	142.250.182.67	80	10.0.2.15	58446	6	0x1800	64	0x74DB	0x74DB	valid
223	May 26 2024 20:56:18.000000 IST	1716737178	60	20	142.250.193.202	443	10.0.2.15	39152	6	0x1000	64	0xAE30	0xAE30	valid
224	May 26 2024 20:56:18.000000 IST	1716737178	60	20	142.250.193.202	443	10.0.2.15	39152	6	0x1000	64	0xAD86	0xAD86	valid
225	May 26 2024 20:56:18.000000 IST	1716737178	60	20	142.250.193.202	443	10.0.2.15	39152	6	0x1000	64	0xAB0F	0xAB0F	valid
226	May 26 2024 20:56:18.000000 IST	1716737178	60	20	184.84.232.79	80	10.0.2.15	34476	6	0x1000	64	0x286C	0x286C	valid
227	May 26 2024 20:56:18.000000 IST	1716737178	942	902	184.84.232.79	80	10.0.2.15	34476	6	0x1800	64	0x1B6C	0x1B6C	valid
228	May 26 2024 20:56:18.000000 IST	1716737178	60	20	34.107.243.93	443	10.0.2.15	51546	6	0x1000	64	0xB8C5	0xB8C5	valid
229	May 26 2024 20:56:18.000000 IST	1716737178	60	20	34.107.243.93	443	10.0.2.15	51546	6	0x1000	64	0xB81B	0xB81B	valid
230	May 26 2024 20:56:18.000000 IST	1716737178	640	600	34.107.243.93	443	10.0.2.15	51546	6	0x1800	64	0xF44A	0xF44A	valid
231	May 26 2024 20:56:18.000000 IST	1716737178	85	45	34.107.243.93	443	10.0.2.15	51546	6	0x1800	64	0xF620	0xF620	valid
232	May 26 2024 20:56:18.000000 IST	1716737178	60	20	34.107.243.93	443	10.0.2.15	51546	6	0x1000	64	0xB593	0xB593	valid
233	May 26 2024 20:56:18.000000 IST	1716737178	699	659	142.250.193.202	443	10.0.2.15	39152	6	0x1800	64	0xD0A3	0xD0A3	valid
234	May 26 2024 20:56:18.000000 IST	1716737178	60	20	142.250.193.202	443	10.0.2.15	39152	6	0x1000	64	0xA86B	0xA86B	valid
235	May 26 2024 20:56:18.000000 IST	1716737178	60	16	34.107.243.93	443	10.0.2.15	51548	6	0x1200	64	0x3B5B	0x3B5B	valid
236	May 26 2024 20:56:18.000000 IST	1716737178	60	20	34.107.243.93	443	10.0.2.15	51548	6	0x1000	64	0x4E4A	0x4E4A	valid
237	May 26 2024 20:56:18.000000 IST	1716737178	272	232	34.107.243.93	443	10.0.2.15	51548	6	0x1800	64	0xB8DE	0xB8DE	valid
238	May 26 2024 20:56:18.000000 IST	1716737178	60	20	34.107.243.93	443	10.0.2.15	51548	6	0x1000	64	0x4D30	0x4D30	valid
239	May 26 2024 20:56:18.000000 IST	1716737178	60	20	34.107.243.93	443	10.0.2.15	51548	6	0x1000	64	0x4ABA	0x4ABA	valid
240	May 26 2024 20:56:18.000000 IST	1716737178	1702	1662	142.250.193.202	443	10.0.2.15	39152	6	0x1800	64	0x635E	0x35A2	invalid
241	May 26 2024 20:56:18.000000 IST	1716737178	5702	5662	142.250.193.202	443	10.0.2.15	39152	6	0x1800	64	0x72FE	0xEE92	invalid
242	May 26 2024 20:56:18.000000 IST	1716737178	1466	1426	142.250.193.202	443	10.0.2.15	39152	6	0x1800	64	0xF999	0xF999	valid
243	May 26 2024 20:56:18.000000 IST	1716737178	1466	1426	142.250.193.202	443	10.0.2.15	39152	6	0x1800	64	0xF58C	0xF58C	valid
244	May 26 2024 20:56:18.000000 IST	1716737178	1466	1426	142.250.193.202	443	10.0.2.15	39152	6	0x1800	64	0x1CF2	0x1CF2	valid
245	May 26 2024 20:56:18.000000 IST	1716737178	1466	1426	142.250.193.202	443	10.0.2.15	39152	6	0x1800	64	0x8EB1	0x8EB1	valid
246	May 26 2024 20:56:18.000000 IST	1716737178	1466	1426	142.250.193.202	443	10.0.2.15	39152	6	0x1800	64	0xBF46	0xBF46	valid
247	May 26 2024 20:56:18.000000 IST	1716737178	1466	1426	142.250.193.202	443	10.0.2.15	39152	6	0x1800	64	0xFECA	0xFECA	valid
248	May 26 2024 20:56:18.000000 IST	1716737178	1466	1426	142.250.193.202	443	10.0.2.15	39152	6	0x1800	64	0x77F6	0x77F6	valid
249	May 26 2024 20:56:18.000000 IST	1716737178	2878	2838	142.250.193.202	443	10.0.2.15	39152	6	0x1800	64	0x67F6	0x438A	invalid
250	May 26 2024 20:56:18.000000 IST	1716737178	2878	2838	142.250.193.202	443	10.0.2.15	39152	6	0x1800	64	0x67F6	0x61DD	invalid
251	May 26 2024 20:56:18.000000 IST	1716737178	1466	1426	142.250.193.202	443	10.0.2.15	39152	6	0x1800	64	0xEFB6	0xEFB6	valid
252	May 26 2024 20:56:18.000000 IST	1716737178	1466	1426	142.250.193.202	443	10.0.2.15	39152	6	0x1800	64	0xFC6D	0xFC6D	valid
253	May 26 2024 20:56:18.000000 IST	1716737178	1466	1426	142.250.193.202	443	10.0.2.15	39152	6	0x1800	64	0xC486	0xC486	valid
254	May 26 2024 20:56:18.000000 IST	1716737178	1466	1426	142.250.193.202	443	10.0.2.15	39152	6	0x1800	64	0x5BDC	0x5BDC	valid
255	May 26 2024 20:56:18.000000 IST	1716737178	1466	1426	142.250.193.202	443	10.0.2.15	39152	6	0x1800	64	0x51AA	0x51AA	valid
256	May 26 2024 20:56:18.000000 IST	1716737178	60	16	34.149.100.209	443	10.0.2.15	56784	6	0x1200	64	0xAD02	0xAD02	valid
257	May 26 2024 20:56:18.000000 IST	1716737178	60	20	34.149.100.209	443	10.0.2.15	56784	6	0x1000	64	0xC212	0xC212	valid
258	May 26 2024 20:56:18.000000 IST	1716737178	2878	2838	142.250.193.202	443	10.0.2.15	39152	6	0x1800	64	0x67F6	0x72A4	invalid
259	May 26 2024 20:56:18.000000 IST	1716737178	2878	2838	142.250.193.202	443	10.0.2.15	39152	6	0x1800	64	0x67F6	0x57BB	invalid
260	May 26 2024 20:56:18.000000 IST	1716737178	1466	1426	34.149.100.209	443	10.0.2.15	56784	6	0x1800	64	0xE2AC	0xE2AC	valid
261	May 26 2024 20:56:18.000000 IST	1716737178	5702	5662	142.250.193.202	443	10.0.2.15	39152	6	0x1800	64	0x72FE	0x8446	invalid
262	May 26 2024 20:56:18.000000 IST	1716737178	1514	1474	34.149.100.209	443	10.0.2.15	56784	6	0x1000	64	0x7990	0x7990	valid
263	May 26 2024 20:56:18.000000 IST	1716737178	352	312	34.149.100.209	443	10.0.2.15	56784	6	0x1800	64	0x8486	0x8486	valid
264	May 26 2024 20:56:18.000000 IST	1716737178	2878	2838	142.250.193.202	443	10.0.2.15	39152	6	0x1800	64	0x67F6	0xDC2E	invalid
265	May 26 2024 20:56:18.000000 IST	1716737178	2878	2838	142.250.193.202	443	10.0.2.15	39152	6	0x1800	64	0x67F6	0xC392	invalid
266	May 26 2024 20:56:18.000000 IST	1716737178	1466	1426	142.250.193.202	443	10.0.2.15	39152	6	0x1800	64	0x9ED8	0x9ED8	valid
267	May 26 2024 20:56:18.000000 IST	1716737178	737	697	142.250.193.202	443	10.0.2.15	39152	6	0x1800	64	0x929B	0x929B	valid
268	May 26 2024 20:56:18.000000 IST	1716737178	2878	2838	142.250.193.202	443	10.0.2.15	39152	6	0x1800	64	0x67F6	0xE1D9	invalid
269	May 26 2024 20:56:18.000000 IST	1716737178	1466	1426	142.250.193.202	443	10.0.2.15	39152	6	0x1800	64	0x7BA2	0x7BA2	valid
270	May 26 2024 20:56:18.000000 IST	1716737178	1466	1426	142.250.193.202	443	10.0.2.15	39152	6	0x1800	64	0x2FDF	0x2FDF	valid
271	May 26 2024 20:56:18.000000 IST	1716737178	4290	4250	142.250.193.202	443	10.0.2.15	39152	6	0x1800	64	0x6D7A	0xE85F	invalid
272	May 26 2024 20:56:18.000000 IST	1716737178	5702	5662	142.250.193.202	443	10.0.2.15	39152	6	0x1800	64	0x72FE	0x9B1F	invalid
273	May 26 2024 20:56:18.000000 IST	1716737178	1466	1426	142.250.193.202	443	10.0.2.15	39152	6	0x1800	64	0x7610	0x7610	valid
274	May 26 2024 20:56:18.000000 IST	1716737178	2878	2838	142.250.193.202	443	10.0.2.15	39152	6	0x1800	64	0x67F6	0x214B	invalid
275	May 26 2024 20:56:18.000000 IST	1716737178	1466	1426	142.250.193.202	443	10.0.2.15	39152	6	0x1800	64	0x6BCA	0x6BCA	valid
276	May 26 2024 20:56:18.000000 IST	1716737178	1466	1426	142.250.193.202	443	10.0.2.15	39152	6	0x1800	64	0x6DD0	0x6DD0	valid
277	May 26 2024 20:56:18.000000 IST	1716737178	4290	4250	142.250.193.202	443	10.0.2.15	39152	6	0x1800	64	0x6D7A	0x8837	invalid
278	May 26 2024 20:56:18.000000 IST	1716737178	1466	1426	142.250.193.202	443	10.0.2.15	39152	6	0x1800	64	0x3767	0x3767	valid
279	May 26 2024 20:56:18.000000 IST	1716737178	4290	4250	142.250.193.202	443	10.0.2.15	39152	6	0x1800	64	0x6D7A	0x139B	invalid
280	May 26 2024 20:56:18.000000 IST	1716737178	1466	1426	142.250.193.202	443	10.0.2.15	39152	6	0x1800	64	0xCED6	0xCED6	valid
281	May 26 2024 20:56:18.000000 IST	1716737178	1466	1426	142.250.193.202	443	10.0.2.15	39152	6	0x1800	64	0x94E9	0x94E9	valid
282	May 26 2024 20:56:18.000000 IST	1716737178	5702	5662	142.250.193.202	443	10.0.2.15	39152	6	0x1800	64	0x72FE	0x851A	invalid
283	May 26 2024 20:56:18.000000 IST	1716737178	1466	1426	142.250.193.202	443	10.0.2.15	39152	6	0x1800	64	0x336F	0x336F	valid
284	May 26 2024 20:56:18.000000 IST	1716737178	2878	2838	142.250.193.202	443	10.0.2.15	39152	6	0x1800	64	0x67F6	0x8443	invalid
285	May 26 2024 20:56:18.000000 IST	1716737178	2878	2838	142.250.193.202	443	10.0.2.15	39152	6	0x1800	64	0x67F6	0x632B	invalid
286	May 26 2024 20:56:18.000000 IST	1716737178	1027	987	142.250.193.202	443	10.0.2.15	39152	6	0x1800	64	0x2B03	0x2B03	valid
287	May 26 2024 20:56:18.000000 IST	1716737178	60	20	34.149.100.209	443	10.0.2.15	56784	6	0x1000	64	0xB570	0xB570	valid
288	May 26 2024 20:56:18.000000 IST	1716737178	60	20	34.149.100.209	443	10.0.2.15	56784	6	0x1000	64	0xB4C6	0xB4C6	valid
289	May 26 2024 20:56:18.000000 IST	1716737178	60	20	34.149.100.209	443	10.0.2.15	56784	6	0x1000	64	0xB390	0xB390	valid
290	May 26 2024 20:56:18.000000 IST	1716737178	640	600	34.149.100.209	443	10.0.2.15	56784	6	0x1800	64	0x8189	0x8189	valid
291	May 26 2024 20:56:18.000000 IST	1716737178	60	20	34.149.100.209	443	10.0.2.15	56784	6	0x1000	64	0xB127	0xB127	valid
292	May 26 2024 20:56:18.000000 IST	1716737178	85	45	34.149.100.209	443	10.0.2.15	56784	6	0x1800	64	0x76F5	0x76F5	valid
293	May 26 2024 20:56:18.000000 IST	1716737178	179	139	34.149.100.209	443	10.0.2.15	56784	6	0x1800	64	0x14EF	0x14EF	valid
294	May 26 2024 20:56:18.000000 IST	1716737178	11350	11310	142.250.193.202	443	10.0.2.15	39152	6	0x1800	64	0x890E	0x0A7A	invalid
295	May 26 2024 20:56:18.000000 IST	1716737178	60	20	34.149.100.209	443	10.0.2.15	56784	6	0x1000	64	0xB064	0xB064	valid
296	May 26 2024 20:56:18.000000 IST	1716737178	1466	1426	142.250.193.202	443	10.0.2.15	39152	6	0x1800	64	0x88C9	0x88C9	valid
297	May 26 2024 20:56:18.000000 IST	1716737178	4290	4250	142.250.193.202	443	10.0.2.15	39152	6	0x1800	64	0x6D7A	0x96CD	invalid
298	May 26 2024 20:56:18.000000 IST	1716737178	1466	1426	142.250.193.202	443	10.0.2.15	39152	6	0x1800	64	0xBBD7	0xBBD7	valid
299	May 26 2024 20:56:18.000000 IST	1716737178	4290	4250	142.250.193.202	443	10.0.2.15	39152	6	0x1800	64	0x6D7A	0xE9F3	invalid
300	May 26 2024 20:56:18.000000 IST	1716737178	1466	1426	142.250.193.202	443	10.0.2.15	39152	6	0x1800	64	0x170D	0x170D	valid
301	May 26 2024 20:56:18.000000 IST	1716737178	4290	4250	142.250.193.202	443	10.0.2.15	39152	6	0x1800	64	0x6D7A	0x3622	invalid
302	May 26 2024 20:56:18.000000 IST	1716737178	1466	1426	142.250.193.202	443	10.0.2.15	39152	6	0x1800	64	0xA481	0xA481	valid
303	May 26 2024 20:56:18.000000 IST	1716737178	4290	4250	142.250.193.202	443	10.0.2.15	39152	6	0x1800	64	0x6D7A	0x1DDC	invalid
304	May 26 2024 20:56:18.000000 IST	1716737178	1466	1426	142.250.193.202	443	10.0.2.15	39152	6	0x1800	64	0xCD97	0xCD97	valid
305	May 26 2024 20:56:18.000000 IST	1716737178	7114	7074	142.250.193.202	443	10.0.2.15	39152	6	0x1800	64	0x7882	0xFACF	invalid
306	May 26 2024 20:56:18.000000 IST	1716737178	1466	1426	142.250.193.202	443	10.0.2.15	39152	6	0x1800	64	0x19DB	0x19DB	valid
307	May 26 2024 20:56:18.000000 IST	1716737178	8526	8486	142.250.193.202	443	10.0.2.15	39152	6	0x1800	64	0x7E06	0x320B	invalid
308	May 26 2024 20:56:18.000000 IST	1716737178	2878	2838	142.250.193.202	443	10.0.2.15	39152	6	0x1800	64	0x67F6	0x1583	invalid
309	May 26 2024 20:56:18.000000 IST	1716737178	5702	5662	142.250.193.202	443	10.0.2.15	39152	6	0x1800	64	0x72FE	0x8A4B	invalid
310	May 26 2024 20:56:18.000000 IST	1716737178	1186	1146	142.250.193.202	443	10.0.2.15	39152	6	0x1800	64	0x44A2	0x44A2	valid
311	May 26 2024 20:56:18.000000 IST	1716737178	60	20	142.250.193.202	443	10.0.2.15	39152	6	0x1000	64	0x3836	0x3836	valid
312	May 26 2024 20:56:18.000000 IST	1716737178	60	20	142.250.193.202	443	10.0.2.15	39152	6	0x1000	64	0x381D	0x381D	valid
313	May 26 2024 20:56:18.000000 IST	1716737178	852	812	34.107.243.93	443	10.0.2.15	51548	6	0x1800	64	0xB20E	0xB20E	valid
314	May 26 2024 20:56:18.000000 IST	1716737178	60	20	142.250.193.202	443	10.0.2.15	39152	6	0x1100	64	0x381C	0x381C	valid
315	May 26 2024 20:56:19.000000 IST	1716737179	60	20	34.107.243.93	443	10.0.2.15	51548	6	0x1000	64	0x4711	0x4711	valid
316	May 26 2024 20:56:19.000000 IST	1716737179	60	20	34.107.243.93	443	10.0.2.15	51548	6	0x1000	64	0x46F5	0x46F5	valid
317	May 26 2024 20:56:19.000000 IST	1716737179	246	206	34.107.243.93	443	10.0.2.15	51548	6	0x1800	64	0xA0EE	0xA0EE	valid
318	May 26 2024 20:56:19.000000 IST	1716737179	60	16	34.120.208.123	443	10.0.2.15	44138	6	0x1200	64	0x8F47	0x8F47	valid
319	May 26 2024 20:56:19.000000 IST	1716737179	60	16	34.120.208.123	443	10.0.2.15	44162	6	0x1200	64	0x906C	0x906C	valid
320	May 26 2024 20:56:19.000000 IST	1716737179	60	16	34.120.208.123	443	10.0.2.15	44150	6	0x1200	64	0xA387	0xA387	valid
321	May 26 2024 20:56:19.000000 IST	1716737179	60	20	34.120.208.123	443	10.0.2.15	44138	6	0x1000	64	0xA45E	0xA45E	valid
322	May 26 2024 20:56:19.000000 IST	1716737179	60	20	34.120.208.123	443	10.0.2.15	44162	6	0x1000	64	0xA583	0xA583	valid
323	May 26 2024 20:56:19.000000 IST	1716737179	60	20	34.120.208.123	443	10.0.2.15	44150	6	0x1000	64	0xB89E	0xB89E	valid
324	May 26 2024 20:56:19.000000 IST	1716737179	2878	2838	34.120.208.123	443	10.0.2.15	44138	6	0x1800	64	0x0A25	0xEA4D	invalid
325	May 26 2024 20:56:19.000000 IST	1716737179	2974	2934	34.120.208.123	443	10.0.2.15	44150	6	0x1000	64	0x0A85	0x8E7C	invalid
326	May 26 2024 20:56:19.000000 IST	1716737179	742	702	34.120.208.123	443	10.0.2.15	44138	6	0x1800	64	0x0C0A	0x0C0A	valid
327	May 26 2024 20:56:19.000000 IST	1716737179	646	606	34.120.208.123	443	10.0.2.15	44150	6	0x1800	64	0xB17A	0xB17A	valid
328	May 26 2024 20:56:19.000000 IST	1716737179	60	20	34.120.208.123	443	10.0.2.15	44138	6	0x1000	64	0x968E	0x968E	valid
329	May 26 2024 20:56:19.000000 IST	1716737179	60	20	34.120.208.123	443	10.0.2.15	44150	6	0x1000	64	0xAACE	0xAACE	valid
330	May 26 2024 20:56:19.000000 IST	1716737179	60	20	34.120.208.123	443	10.0.2.15	44138	6	0x1000	64	0x968D	0x968D	valid
331	May 26 2024 20:56:19.000000 IST	1716737179	60	20	34.120.208.123	443	10.0.2.15	44150	6	0x1000	64	0xAACD	0xAACD	valid
332	May 26 2024 20:56:19.000000 IST	1716737179	2878	2838	34.120.208.123	443	10.0.2.15	44162	6	0x1800	64	0x0A25	0x4B80	invalid
333	May 26 2024 20:56:19.000000 IST	1716737179	742	702	34.120.208.123	443	10.0.2.15	44162	6	0x1800	64	0x1C50	0x1C50	valid
334	May 26 2024 20:56:19.000000 IST	1716737179	60	20	34.120.208.123	443	10.0.2.15	44162	6	0x1000	64	0x97B3	0x97B3	valid
335	May 26 2024 20:56:19.000000 IST	1716737179	60	20	34.120.208.123	443	10.0.2.15	44162	6	0x1000	64	0x97B2	0x97B2	valid
336	May 26 2024 20:56:19.000000 IST	1716737179	60	20	34.120.208.123	443	10.0.2.15	44138	6	0x1100	64	0x968C	0x968C	valid
337	May 26 2024 20:56:19.000000 IST	1716737179	60	20	34.120.208.123	443	10.0.2.15	44150	6	0x1100	64	0xAACC	0xAACC	valid
338	May 26 2024 20:56:19.000000 IST	1716737179	60	20	34.120.208.123	443	10.0.2.15	44162	6	0x1100	64	0x97B1	0x97B1	valid
339	May 26 2024 20:56:19.000000 IST	1716737179	78	38	34.107.243.93	443	10.0.2.15	51548	6	0x1800	64	0x1260	0x1260	valid
340	May 26 2024 20:56:19.000000 IST	1716737179	60	20	34.107.243.93	443	10.0.2.15	51548	6	0x1100	64	0x461C	0x461C	valid
341	May 26 2024 20:56:19.000000 IST	1716737179	60	20	34.107.243.93	443	10.0.2.15	51548	6	0x1000	64	0x4604	0x4604	valid
342	May 26 2024 20:56:19.000000 IST	1716737179	60	20	34.107.243.93	443	10.0.2.15	51548	6	0x1000	64	0x4603	0x4603	valid
343	May 26 2024 20:56:19.000000 IST	1716737179	60	20	34.149.97.1	443	10.0.2.15	47680	6	0x1000	64	0x6113	0x6113	valid
344	May 26 2024 20:56:19.000000 IST	1716737179	60	20	34.120.237.76	443	10.0.2.15	34916	6	0x1000	64	0xD4A4	0xD4A4	valid
345	May 26 2024 20:56:19.000000 IST	1716737179	60	20	34.36.165.17	443	10.0.2.15	38894	6	0x1000	64	0xB299	0xB299	valid
346	May 26 2024 20:56:19.000000 IST	1716737179	60	20	34.160.144.191	443	10.0.2.15	45586	6	0x1000	64	0x9B04	0x9B04	valid
347	May 26 2024 20:56:19.000000 IST	1716737179	60	20	34.107.243.93	443	10.0.2.15	51546	6	0x1000	64	0xB56C	0xB56C	valid
348	May 26 2024 20:56:19.000000 IST	1716737179	60	20	34.117.188.166	443	10.0.2.15	49022	6	0x1000	64	0x9E24	0x9E24	valid
349	May 26 2024 20:56:19.000000 IST	1716737179	60	20	34.149.100.209	443	10.0.2.15	56784	6	0x1000	64	0xB03D	0xB03D	valid
350	May 26 2024 20:56:19.000000 IST	1716737179	60	20	34.107.243.93	443	10.0.2.15	51546	6	0x1000	64	0xB554	0xB554	valid
351	May 26 2024 20:56:19.000000 IST	1716737179	60	20	34.107.243.93	443	10.0.2.15	51546	6	0x1000	64	0xB553	0xB553	valid
352	May 26 2024 20:56:19.000000 IST	1716737179	60	20	142.250.182.67	80	10.0.2.15	58446	6	0x1000	64	0x47AB	0x47AB	valid
353	May 26 2024 20:56:19.000000 IST	1716737179	60	20	34.149.100.209	443	10.0.2.15	56784	6	0x1000	64	0xB025	0xB025	valid
354	May 26 2024 20:56:19.000000 IST	1716737179	60	20	34.149.100.209	443	10.0.2.15	56784	6	0x1000	64	0xB024	0xB024	valid
355	May 26 2024 20:56:19.000000 IST	1716737179	60	20	34.36.165.17	443	10.0.2.15	38894	6	0x1000	64	0xB281	0xB281	valid
356	May 26 2024 20:56:19.000000 IST	1716737179	60	20	34.36.165.17	443	10.0.2.15	38894	6	0x1000	64	0xB280	0xB280	valid
357	May 26 2024 20:56:19.000000 IST	1716737179	60	20	184.84.232.79	80	10.0.2.15	34468	6	0x1000	64	0xFC69	0xFC69	valid
358	May 26 2024 20:56:19.000000 IST	1716737179	60	20	184.84.232.79	80	10.0.2.15	34488	6	0x1000	64	0xDEDE	0xDEDE	valid
359	May 26 2024 20:56:19.000000 IST	1716737179	60	20	34.120.237.76	443	10.0.2.15	34916	6	0x1000	64	0xD48C	0xD48C	valid
360	May 26 2024 20:56:19.000000 IST	1716737179	60	20	34.120.237.76	443	10.0.2.15	34916	6	0x1000	64	0xD48B	0xD48B	valid
361	May 26 2024 20:56:19.000000 IST	1716737179	60	20	184.84.232.79	80	10.0.2.15	34454	6	0x1000	64	0x2380	0x2380	valid
362	May 26 2024 20:56:19.000000 IST	1716737179	60	20	184.84.232.79	80	10.0.2.15	34476	6	0x1000	64	0x24F3	0x24F3	valid
363	May 26 2024 20:56:19.000000 IST	1716737179	60	20	34.160.144.191	443	10.0.2.15	45586	6	0x1000	64	0x9AE5	0x9AE5	valid
364	May 26 2024 20:56:19.000000 IST	1716737179	60	20	34.160.144.191	443	10.0.2.15	45586	6	0x1000	64	0x9AE4	0x9AE4	valid
365	May 26 2024 20:56:19.000000 IST	1716737179	60	20	34.117.188.166	443	10.0.2.15	49022	6	0x1000	64	0x9E0C	0x9E0C	valid
366	May 26 2024 20:56:19.000000 IST	1716737179	60	20	34.117.188.166	443	10.0.2.15	49022	6	0x1000	64	0x9E0B	0x9E0B	valid
367	May 26 2024 20:56:19.000000 IST	1716737179	60	20	184.84.232.79	80	10.0.2.15	34448	6	0x1000	64	0xED55	0xED55	valid
368	May 26 2024 20:56:19.000000 IST	1716737179	60	20	34.149.97.1	443	10.0.2.15	47680	6	0x1000	64	0x60FB	0x60FB	valid
369	May 26 2024 20:56:19.000000 IST	1716737179	60	20	34.149.97.1	443	10.0.2.15	47680	6	0x1000	64	0x60FA	0x60FA	valid
370	May 26 2024 20:56:19.000000 IST	1716737179	60	20	184.84.232.79	80	10.0.2.15	34468	6	0x1100	64	0xFC68	0xFC68	valid
371	May 26 2024 20:56:19.000000 IST	1716737179	60	20	184.84.232.79	80	10.0.2.15	34488	6	0x1100	64	0xDEDD	0xDEDD	valid
372	May 26 2024 20:56:19.000000 IST	1716737179	60	20	184.84.232.79	80	10.0.2.15	34476	6	0x1100	64	0x24F2	0x24F2	valid
373	May 26 2024 20:56:19.000000 IST	1716737179	60	20	184.84.232.79	80	10.0.2.15	34454	6	0x1100	64	0x237F	0x237F	valid
374	May 26 2024 20:56:19.000000 IST	1716737179	60	20	184.84.232.79	80	10.0.2.15	34448	6	0x1100	64	0xED54	0xED54	valid
375	May 26 2024 20:56:19.000000 IST	1716737179	60	20	34.149.100.209	443	10.0.2.15	56784	6	0x1100	64	0xB023	0xB023	valid
376	May 26 2024 20:56:19.000000 IST	1716737179	60	20	34.107.243.93	443	10.0.2.15	51546	6	0x1100	64	0xB552	0xB552	valid
377	May 26 2024 20:56:19.000000 IST	1716737179	60	20	142.250.182.67	80	10.0.2.15	58446	6	0x1100	64	0x47AA	0x47AA	valid
378	May 26 2024 20:56:19.000000 IST	1716737179	60	20	34.36.165.17	443	10.0.2.15	38894	6	0x1100	64	0xB27F	0xB27F	valid
379	May 26 2024 20:56:19.000000 IST	1716737179	60	20	34.120.237.76	443	10.0.2.15	34916	6	0x1100	64	0xD48A	0xD48A	valid
380	May 26 2024 20:56:19.000000 IST	1716737179	60	20	34.160.144.191	443	10.0.2.15	45586	6	0x1100	64	0x9AE3	0x9AE3	valid
381	May 26 2024 20:56:19.000000 IST	1716737179	60	20	34.149.97.1	443	10.0.2.15	47680	6	0x1100	64	0x60F9	0x60F9	valid
382	May 26 2024 20:56:19.000000 IST	1716737179	60	20	34.117.188.166	443	10.0.2.15	49022	6	0x1100	64	0x9E0A	0x9E0A	valid
383	May 26 2024 20:56:20.000000 IST	1716737180	60	16	34.120.208.123	443	10.0.2.15	44164	6	0x1200	64	0xE725	0xE725	valid
384	May 26 2024 20:56:20.000000 IST	1716737180	60	20	34.120.208.123	443	10.0.2.15	44164	6	0x1000	64	0xFCDD	0xFCDD	valid
385	May 26 2024 20:56:20.000000 IST	1716737180	2974	2934	34.120.208.123	443	10.0.2.15	44164	6	0x1000	64	0x0A85	0x333A	invalid
386	May 26 2024 20:56:20.000000 IST	1716737180	662	622	34.120.208.123	443	10.0.2.15	44164	6	0x1800	64	0x2561	0x2561	valid
387	May 26 2024 20:56:20.000000 IST	1716737180	60	20	34.120.208.123	443	10.0.2.15	44164	6	0x1000	64	0xEEC5	0xEEC5	valid
388	May 26 2024 20:56:20.000000 IST	1716737180	60	20	34.120.208.123	443	10.0.2.15	44164	6	0x1000	64	0xEE66	0xEE66	valid
389	May 26 2024 20:56:20.000000 IST	1716737180	60	20	34.120.208.123	443	10.0.2.15	44164	6	0x1000	64	0xE8B2	0xE8B2	valid
390	May 26 2024 20:56:20.000000 IST	1716737180	60	20	34.120.208.123	443	10.0.2.15	44164	6	0x1000	64	0xE2FE	0xE2FE	valid
391	May 26 2024 20:56:20.000000 IST	1716737180	60	20	34.120.208.123	443	10.0.2.15	44164	6	0x1000	64	0xE1B3	0xE1B3	valid
392	May 26 2024 20:56:20.000000 IST	1716737180	60	16	34.120.208.123	443	10.0.2.15	44176	6	0x1200	64	0x66A2	0x66A2	valid
393	May 26 2024 20:56:20.000000 IST	1716737180	703	663	34.120.208.123	443	10.0.2.15	44164	6	0x1800	64	0xA218	0xA218	valid
394	May 26 2024 20:56:20.000000 IST	1716737180	60	16	34.120.208.123	443	10.0.2.15	44186	6	0x1200	64	0xC30A	0xC30A	valid
395	May 26 2024 20:56:20.000000 IST	1716737180	60	20	34.120.208.123	443	10.0.2.15	44164	6	0x1000	64	0xDF0B	0xDF0B	valid
396	May 26 2024 20:56:20.000000 IST	1716737180	60	20	34.120.208.123	443	10.0.2.15	44176	6	0x1000	64	0x7C5A	0x7C5A	valid
397	May 26 2024 20:56:20.000000 IST	1716737180	2878	2838	34.120.208.123	443	10.0.2.15	44176	6	0x1800	64	0x0A25	0x8457	invalid
398	May 26 2024 20:56:20.000000 IST	1716737180	758	718	34.120.208.123	443	10.0.2.15	44176	6	0x1800	64	0x7E08	0x7E08	valid
399	May 26 2024 20:56:20.000000 IST	1716737180	60	20	34.120.208.123	443	10.0.2.15	44186	6	0x1000	64	0xD8C2	0xD8C2	valid
400	May 26 2024 20:56:20.000000 IST	1716737180	60	20	34.120.208.123	443	10.0.2.15	44176	6	0x1000	64	0x6E42	0x6E42	valid
401	May 26 2024 20:56:20.000000 IST	1716737180	60	20	34.120.208.123	443	10.0.2.15	44176	6	0x1000	64	0x6DE3	0x6DE3	valid
402	May 26 2024 20:56:20.000000 IST	1716737180	60	20	34.120.208.123	443	10.0.2.15	44176	6	0x1000	64	0x6B67	0x6B67	valid
403	May 26 2024 20:56:20.000000 IST	1716737180	1466	1426	34.120.208.123	443	10.0.2.15	44186	6	0x1800	64	0x12A1	0x12A1	valid
404	May 26 2024 20:56:20.000000 IST	1716737180	1514	1474	34.120.208.123	443	10.0.2.15	44186	6	0x1000	64	0x4E13	0x4E13	valid
405	May 26 2024 20:56:20.000000 IST	1716737180	710	670	34.120.208.123	443	10.0.2.15	44186	6	0x1800	64	0x3489	0x3489	valid
406	May 26 2024 20:56:20.000000 IST	1716737180	60	20	34.120.208.123	443	10.0.2.15	44186	6	0x1000	64	0xCAAA	0xCAAA	valid
407	May 26 2024 20:56:20.000000 IST	1716737180	60	20	34.120.208.123	443	10.0.2.15	44186	6	0x1000	64	0xCA4B	0xCA4B	valid
408	May 26 2024 20:56:20.000000 IST	1716737180	60	20	34.120.208.123	443	10.0.2.15	44186	6	0x1000	64	0xC497	0xC497	valid
409	May 26 2024 20:56:20.000000 IST	1716737180	60	20	34.120.208.123	443	10.0.2.15	44186	6	0x1000	64	0xBEE3	0xBEE3	valid
410	May 26 2024 20:56:20.000000 IST	1716737180	60	20	34.120.208.123	443	10.0.2.15	44186	6	0x1000	64	0xB92F	0xB92F	valid
411	May 26 2024 20:56:20.000000 IST	1716737180	60	20	34.120.208.123	443	10.0.2.15	44186	6	0x1000	64	0xB37B	0xB37B	valid
412	May 26 2024 20:56:20.000000 IST	1716737180	60	20	34.120.208.123	443	10.0.2.15	44186	6	0x1000	64	0xADC7	0xADC7	valid
413	May 26 2024 20:56:20.000000 IST	1716737180	60	20	34.120.208.123	443	10.0.2.15	44186	6	0x1000	64	0xA813	0xA813	valid
414	May 26 2024 20:56:20.000000 IST	1716737180	60	20	34.120.208.123	443	10.0.2.15	44186	6	0x1000	64	0xA25F	0xA25F	valid
415	May 26 2024 20:56:20.000000 IST	1716737180	60	20	34.120.208.123	443	10.0.2.15	44186	6	0x1000	64	0x9CC2	0x9CC2	valid
416	May 26 2024 20:56:20.000000 IST	1716737180	703	663	34.120.208.123	443	10.0.2.15	44176	6	0x1800	64	0x74B3	0x74B3	valid
417	May 26 2024 20:56:20.000000 IST	1716737180	703	663	34.120.208.123	443	10.0.2.15	44186	6	0x1800	64	0xA95A	0xA95A	valid
418	May 26 2024 20:56:20.000000 IST	1716737180	60	20	34.120.208.123	443	10.0.2.15	44176	6	0x1000	64	0x68BF	0x68BF	valid
419	May 26 2024 20:56:20.000000 IST	1716737180	60	20	34.120.208.123	443	10.0.2.15	44186	6	0x1000	64	0x9A1A	0x9A1A	valid
420	May 26 2024 20:56:21.000000 IST	1716737181	526	486	34.120.208.123	443	10.0.2.15	44164	6	0x1800	64	0xFA8A	0xFA8A	valid
421	May 26 2024 20:56:21.000000 IST	1716737181	93	53	34.120.208.123	443	10.0.2.15	44164	6	0x1800	64	0x2154	0x2154	valid
422	May 26 2024 20:56:21.000000 IST	1716737181	60	20	34.120.208.123	443	10.0.2.15	44164	6	0x1000	64	0xDCE5	0xDCE5	valid
423	May 26 2024 20:56:21.000000 IST	1716737181	60	20	34.120.208.123	443	10.0.2.15	44164	6	0x1000	64	0xDCCD	0xDCCD	valid
424	May 26 2024 20:56:21.000000 IST	1716737181	60	20	34.120.208.123	443	10.0.2.15	44164	6	0x1000	64	0xDCCC	0xDCCC	valid
425	May 26 2024 20:56:21.000000 IST	1716737181	60	20	34.120.208.123	443	10.0.2.15	44164	6	0x1100	64	0xDCCB	0xDCCB	valid
426	May 26 2024 20:56:21.000000 IST	1716737181	526	486	34.120.208.123	443	10.0.2.15	44176	6	0x1800	64	0xAFD6	0xAFD6	valid
427	May 26 2024 20:56:21.000000 IST	1716737181	93	53	34.120.208.123	443	10.0.2.15	44176	6	0x1800	64	0x058A	0x058A	valid
428	May 26 2024 20:56:21.000000 IST	1716737181	60	20	34.120.208.123	443	10.0.2.15	44176	6	0x1000	64	0x6699	0x6699	valid
429	May 26 2024 20:56:21.000000 IST	1716737181	60	20	34.120.208.123	443	10.0.2.15	44176	6	0x1000	64	0x6681	0x6681	valid
430	May 26 2024 20:56:21.000000 IST	1716737181	60	20	34.120.208.123	443	10.0.2.15	44176	6	0x1000	64	0x6680	0x6680	valid
431	May 26 2024 20:56:21.000000 IST	1716737181	526	486	34.120.208.123	443	10.0.2.15	44186	6	0x1800	64	0x962F	0x962F	valid
432	May 26 2024 20:56:21.000000 IST	1716737181	93	53	34.120.208.123	443	10.0.2.15	44186	6	0x1800	64	0x551F	0x551F	valid
433	May 26 2024 20:56:21.000000 IST	1716737181	60	20	34.120.208.123	443	10.0.2.15	44186	6	0x1000	64	0x97F4	0x97F4	valid
434	May 26 2024 20:56:21.000000 IST	1716737181	60	20	34.120.208.123	443	10.0.2.15	44186	6	0x1000	64	0x97DC	0x97DC	valid
435	May 26 2024 20:56:21.000000 IST	1716737181	60	20	34.120.208.123	443	10.0.2.15	44186	6	0x1000	64	0x97DB	0x97DB	valid
436	May 26 2024 20:56:21.000000 IST	1716737181	60	20	34.120.208.123	443	10.0.2.15	44176	6	0x1100	64	0x667F	0x667F	valid
437	May 26 2024 20:56:21.000000 IST	1716737181	60	20	34.120.208.123	443	10.0.2.15	44186	6	0x1100	64	0x97DA	0x97DA	valid
